sorgu|1st|2nd|3rd|4th|5th
Doğu Anadolu Bölgesi'nde tarım alanlarının kapladığı yüzölçümü ne kadardır?|Beyşehir Gölü|Zazaca|Görgü tanığının ifadesi|Tuğrul Şavkay|
Bu metinde hangi Mısır tanrılarından bahsedilmektedir?|Triumvirlik|Wiesenthau|Alibeyli, Sumbas|Obernbreit|
Terry Gilliam hangi filmin çekimlerini tamamlayamadan askıya almıştır?|Albert Brooks|Görevimiz Tehlike (film serisi)|Yedinci Küçük Kardeş|Sanaya Irani|
Avrupa Jeologlar Federasyonu, bugün 70.000'den fazla jeologu temsil eden bir organizasyon mudur?|Platformizm|Dünya 20 Yaş Altı Atletizm Şampiyonası|Porto Rikolular|Tarım|
Metinde, Mustafa Kemal Atatürk'ün kişisel özellikleri, ilgi alanları, giyim tarzı, dil bilgisi, aile ilişkileri ve aşk hayatı hakkında bilgiler verilmiştir. Ayrıca, Atatürk'ün dönemindeki siyasi ve bilimsel ilişkileri de açıklanmıştır.|Mustafa Kemal Atatürk|Mustafa Kemal Atatürk|Recep Tayyip Erdoğan|Mustafa Kemal Atatürk|
 Musul Sorunu, Türk-Yunan ilişkileri ve Türkiye'nin Milletler Cemiyeti'ne katılımı hakkında metinden ne anlaşılıyor?|Konya Havalimanı|Karaçı|Kuzey Suriye'de Türkiye|Salih Hacıoğlu|
Eretna Beyliği hangi yıllar arasında hüküm sürmüştür?|Hayatta kalma yanılgısı|Anıtkabir|Manuil Vutumitis|Kimmerler|
Hangi şirketi kurarak Francis Ford Coppola ile çalışmaya başlamıştır?|Trabzon'da 2014 Türkiye yerel seçimleri|Merkez, Eyüpsultan|Triumvirlik|Sanayi, Şereflikoçhisar|
Metinde Zazaca dilindeki fiil takıları ile ilgili neler söylenmektedir ve bu takılar nasıl oluşmuştur?|Tafoni|Çin mitolojisi|Anadolu Selçuklu Devleti|Mustafa Kemal Atatürk|
İstiklâl Marşı kaç dörtlük ve kaç beşlikten oluşur?|Çin mitolojisi|Anıtkabir|Bir Ofis Romansı|Anadolu Selçuklu Devleti|
Eğer Cengiz Han 1162 yılında doğmuşsa, ölüm tarihi nedir?|Idir|Mustafa Kemal Atatürk|Tatyana Bulanova|Heinz Rühmann|
Mustafa Kemal'in cumhuriyet döneminde gerçekleştirdiği önemli değişiklikleri ve devrimleri özetleyiniz.|Mustafa Kemal Atatürk|İzmir Atatürk Müzesi|Küfizade Asaf Bey|Anıtkabir|
Antropoloji neyi inceler?|Bobbio|Canlısal manyetizma|Coğrafya|Nikea Kuşatması (727)|
Microsoft Windows Server 2022'nin genişletilmiş destek bitiş tarihi ne zamandır?|Microsoft Windows|Microsoft Windows|Windows 8|Microsoft Windows|
Hangi ülkenin parlamentosu, Ermeni Soykırımı'nı tanıyan bir tasarıyı oy çokluğuyla kabul etti|Theofilos|Tequila, Jalisco|Anadolu Selçuklu Devleti|Mustafa Kemal Atatürk|
Lozan Antlaşması'nın imzalanması ve Cumhuriyetin ilanı süreçleri hakkında bilgi veriniz.|Küçük Asya'nın Abbasi işgali (806)|Filibe Sinagogu|Avından el alan|Triumvirlik|
Mustafa Kemal'in liderliğindeki milliyetçi hareketin gelişimini özetleyiniz.|Hamidiyeköyü, Mustafakemalpaşa|Küfizade Asaf Bey|Mustafa Kemal Atatürk|Gaziantep'te 1963 Türkiye yerel seçimleri|
Celaleddin Harezmşah, Cengiz Han'ı hangi tarihte İndus nehri sahilinde karşıladı?|Elizabeth Dönemi|Aziz Antonius Manastırı|Atburgazı|Alime Abdenanova|
Barış Manço ve Moğollar'ın birleşmesiyle oluşturdukları grup hangi adı almıştır?|Wiesenthau|Hayatta kalma yanılgısı|Küçük Asya'nın Abbasi işgali (806)|Türkiye Seyahat Acentaları Birliği|
Bir dilin ölümü, o dilin artık konuşulmadığı anlamına mı gelir?|Dil|Dil|Dil|Dil|
Anıtkabir derneği ne zaman kurulmuştur?|Alime Abdenanova|Cengiz Han|Düz oranlı vergi|Emmanuel Sanon|
İsmet İnönü'nün Türkiye'deki görevleri nelerdir?|Beytüşşebap İsyanı|Dil|Cezayir Türkleri|Tarım ve Orman Bakanlığı|
Fikir Kulüpleri Federasyonu'nun dönüşümü hangi dergi ile koordine edilmiştir?|Barış Manço|Mustafa Kemal Atatürk|Pisagor teoremi|Bray Wyatt|
2001'deki Köln Başkonsolosluğu mesajında, Anıtkabir'e gerçekleştirilmek istenen saldırının planlandığı tarih belirtilmemiş olsa da, 11 Eylül saldırılarından kaç gün sonra bu mesaj Dışişleri Bakanlığına iletildi?|Anıtkabir|Recep Tayyip Erdoğan|4 Minutes|Mustafa Kemal Atatürk|
İsmet İnönü'nün ölüm tarihi nedir?|Ponteceso|Ned Stark|Ned Stark|Wilhelmus|
Osmanlı İmparatorluğu'nun başkenti Konya mıdır?|Saruhan Sancağı|Alibeyli, Sumbas|Triumvirlik|Pforzheim|
Hangi Windows sürümü, ilk defa 32 bit işlemcilere geçiş yapmıştır?|Survivalcraft|Ardanuç|Mustafa Akıncı|Tarım|
AK Parti döneminde Türkiye'nin altyapı alanındaki gelişmeler nelerdir?|Güneş Sigorta (kadın voleybol takımı)|Yayla (şirket, Türkiye)|1871|Türkiye Cumhuriyeti Avrupa Birliği Başkanlığı|
Tüm İlerici Gençler Derneği, hangi tarihte kurulmuştur?|Antropoloji|Trick'r Treat|Abhazya Krallığı|Nikea Kuşatması (727)|
Yehuling Savaşı ne zaman gerçekleşti?|Cengiz Han|HADYEK|Antik Mısır|I. Dünya Savaşı ordularının subay rütbe ve işaretleri|
Cengiz Han'ın Çin'e karşı seferi için kaç asker toplandı?|Bazilika|Çaka Bey|Antik Mısır|Kimmerler|
Coğrafyanın pratik alanlarında hangi teknolojik gelişmelerin yaşanması coğrafik araştırmalarda nasıl bir etki yaratmıştır?|Antik Mısır|Wonton|Duygu|Biyoloji ve cinsel yönelim|
Mustafa Kemal'in askeri stratejileri ve savaşlardaki başarıları hakkında bilgi veriniz.|Küfizade Asaf Bey|Mustafa Kemal Atatürk|Girne Kalesi|Ebru (anlam ayrımı)|
2022'de Türkiye hangi ülkeyi arabulucu olarak görev yaparak Ukrayna ile esir takasında bulundu?|Power Plus|Veli Tarakcı|Sakarya'da 2023 Türkiye cumhurbaşkanlığı ve genel seçimleri|2020 Yaz Olimpiyatları'nda eskrim - Kadınlar kılıç|
Yoda'nın öğrencileri arasında Luke Skywalker var mıdır? |Yoda|Yoda|Yoda|Yoda|
Metinde spam ile ilgili olarak hangi tür eylemler ve yöntemler kullanılmaktadır?|Çin mitolojisi|Anıtkabir|Mongoose Operasyonu|Tafoni|
1206 yılında kurulan muhafız birliği kaç kişiden oluşmaktadır?|Hel, Polonya|Bilgelik|Fethi Karakaş|Ardanuç|
 Coğrafyanın tarihsel gelişimi nasıl şekillenmiştir ve hangi önemli dönemlerde hangi gelişmeler yaşanmıştır?|Ohri|Görgü tanığının ifadesi|Firdevs Meydanı Olayı|İCloud|
Time Dergisi'nin hangi sayısında Erdoğan'ın fotoğrafı ve Erdoğan'ın Yolu başlığıyla yer almıştır?|Recep Tayyip Erdoğan|Mustafa Kemal Atatürk|Recep Tayyip Erdoğan|Can Dündar|
Ekotop kavramı hangi unsurları içerir?|Harry Potter kurgusal evreni|Kanüllü inek|Suhoy Su-35|Demiryolu kazaları listesi (2010-günümüz)|
Fermantasyon, hücresel solunumun bir parçası mıdır?|Triumvirlik|İHeartRadio Müzik Ödülleri|Danla Bilic|Amerika Birleşik Devletleri'nde LGBT tarihi|
Ontoloji nedir?|Çeken akıntı|Hukuk|Peter Higgs|16. yüzyıl|
Hangi ülke, Türkiye'nin 2014'te Rusya'nın Kırım'ı ilhakını tanımayacağını açıkça ifade etti?|Kırıkkale'de 2014 Türkiye cumhurbaşkanlığı seçimi|Kırıkkale'de 2014 Türkiye cumhurbaşkanlığı seçimi|Akdoğan, Mağusa|Karaçı|
Spor, genellikle rekabete dayalı yarışma ve kişisel eğlence veya mükemmelliğe ulaşmak için yapılan zihinsel veya fiziksel aktivite midir?|G/Ç metotları|Hayatta kalma yanılgısı|Anaksimenes (Lampsakoslu)|Spor|
Hasnun Galip Binası olarak anılan bina, bugün kulübün Stadyum'dan sorumlu bölümlerine ve Sicil Kurulu'na hizmet vermekte midir?|Veysel Karani, Haliliye|Ömerbey, Mudanya|Kargalı, Haliliye|Eğitim, Yıldırım|
Popülasyon ekolojisinde hangi veriler kullanılır?|Hayatta kalma yanılgısı|Kesme taş|Tequila, Jalisco|Federal Deposit Insurance Corporation|
Büyük İskender, Mısır'ı kolaylıkla fethedebilmiş ve Mısırlılar tarafından kurtarıcı olarak karşılanmış mıdır?|Türkiye|Karl-Gerät|1907 Romanya Köylü İsyanı|Danimarka'da din|
15 Temmuz 2016'da Türkiye'de gerçekleşen darbe girişimi ne tür bir girişimdir?|Helenleştirme|Recep Tayyip Erdoğan|Bilecik'te 2019 Türkiye yerel seçimleri|Grigol Mgaloblişvili|
Terry Gilliam'ın ilk bağımsız filmi hangisidir?|Albert Brooks|Yedinci Küçük Kardeş|Sanaya Irani|Allah Kerim|
Galatasaray Lisesi'nin tarihçesi ve gelişimi hakkında ne söylenebilir?|Tokatlıoğlu|Suhoy Su-33|Çin mitolojisi|Dior Eluchíl|
Naqada Kültürü Badari Kültürü'ne benzer özellikler gösterir mi?|Neandertal|Antropoloji|Imre Lakatos|Özdeşleşme|
Orta Çağ'da İslam dünyası oldukça ileri düzeyde bir uygarlığa sahip miydi?|Hayatta kalma yanılgısı|Fethi Karakaş|Ardanuç|Oksijen izotopu|
Barış Manço'ya hangi ödül 1991 yılında Japonya Soka Üniversitesi tarafından verilmiştir?|Adnan Sadık Erzi|Selim Turan|Mareşal Emin Paşa|Barış Manço|
Hücre teorisi, tüm canlıların bir veya daha fazla hücreden oluştuğunu mu belirtir?|The Jackson 5|Zanlı|Tequila, Jalisco|The Christmas Invasion|
Cengiz Han'ın doğumundan önce kaç yıl yaşadığı tahmin ediliyor?|Württemberg Krallığı|Mustafa Kemal Atatürk|Görgü tanığının ifadesi|Baruch Spinoza|
Ardahan ne zaman bir il olmuştur?|Nişan İlçesi|Köşrabat İlçesi|Nad Ali ilçesi|Erikli, Atakum|
Kimya mühendisliği sadece ticari kimyasalların üretimiyle mi ilgilenir?|Nikea Kuşatması (727)|Irkların karışması|Kesme taş|Zeytindalı, Akçakale|
Mançurya'daki Liao hanedanı hangi tarihte Jin'den ayrılarak Cengiz Han'a bağlı bir prenslik haline getirildi?|Kütüklü, Harran|Erikli, Atakum|Gent-Terneuzen Kanalı|Bahçe, Tarsus|
Metinde Atatürk dönemindeki önemli olaylar ve politikalar nelerdir?|Anadolu Selçuklu Devleti|Düz oranlı vergi|1871|Nursultan Nazarbayev|
Yoda, Qui-Gon Jinn'in ruhu ile iletişim kurabilmekte midir?|Medcezir (dizi)|2016 Yaz Olimpiyatları'nda Japonya|Gemi sökümü|Budapeşte|
Mısır yazı geleneğinin, anıt mezarlardaki özgeçmişlerde geliştiği doğru mu?|Firdevs Meydanı Olayı|Yanık (anlam ayrımı)|Zazaca|Dnepropetrovsk manyakları|
Sanal Ortamda İşlenen Suçlar Sözleşmesi'nin imzalandığı tarih ve yer nedir?|Kapullu, Karabük|Filantropizm|İHeartRadio Müzik Ödülleri|Kırıkkale'de 2018 Türkiye cumhurbaşkanlığı ve genel seçimleri|
Kadı Burhaneddin hangi yıl Eretna Devleti'ne son vererek kendi adıyla anılan devleti kurmuştur?|Pharsalia|Hayvan hakları|Triumvirlik|Frodo Baggins|
Şeref Holü'nün yanlarındaki galerilerin ölçüleri nedir?|Ingress|Peter Higgs|Hukuk|Anıtkabir|
Atılım dergisi nedir ve ne zaman yayınlanmaya başlamıştır?|Ardanuç|The Christmas Invasion|Amerika Birleşik Devletleri'nde LGBT tarihi|Triumvirlik|
Hangi gazete Katil ve Hırsız Erdoğan manşetiyle çıkmıştır?|Sosyoloji|Triumvirlik|Wiesenthau|Hayatta kalma yanılgısı|
Barış Manço hangi şarkısının klibinde, çeşitli şehirleri gezip şarkıya sosyal iletiler eklemiştir?|Pforzheim|Wiesenthau|Zeytindalı, Akçakale|Kütüklü, Harran|
İsmet İnönü'nün liderliğindeki CHP hangi seçimde %40 oy aldı ve hangi partiye iktidarı bıraktı?|Pınarbaşı, Derebucak|Sema Silkin Ün|Fenerbahçe (erkek voleybol takımı) 1990-91 sezonu|Macaristan Krallığı (1000-1301)|
Dil, bir göstergeler sistemi olarak tasarlanabilir mi?|Olivin|Imre Lakatos|Eben-Emael Kalesi Muharebesi|Aslanapa|
Barış Manço, Les Mistigris ile hangi ülkelerde konserler vermiştir?|İnikli, İznik|Erikli, Atakum|Wiesenthau|Akarsu, Tarsus|
Merv'deki katliamda kaç kişi öldürüldü?|Cengiz Han|Abhazya Krallığı|Sananesi Kilisesi|Nikea Kuşatması (727)|
Metinde, Ferrari'nin kuruluş süreci ve kurucusu Enzo Ferrari'nin hayatı hakkında bilgiler verilmiştir. Ayrıca şirketin otomobil yarışçılığındaki başarıları ve maddi zorluklarla karşılaşması ele alınmıştır.|Ferrari|Ferrari|Ferrari|Ferrari|
SPAM e-postaların finansal etkileri nelerdir ve bu durum kurumlar için nasıl bir mali yük oluşturur?|Spam|Spam|Spam|Spam|
Doğal sayılar hangi sayıların kümesini ifade eder?|Çin mitolojisi|Görgü tanığının ifadesi|Beyşehir Gölü|Veled-i Yaniç Camii|
John Forbes Kerry kimdir ve siyasi kariyeri nasıl şekillenmiştir?|Emmanuel Sanon|Kathleen R. F. Griffin-Burrill|Hikmet Hacıyev|Eylem Yıldız|
Türkçe, Altay dil ailesine mi aittir?|Dil|Düzce'de 2004 Türkiye yerel seçimleri|Bilecik'te 2019 Türkiye yerel seçimleri|Fenerbahçe (erkek voleybol takımı) 1990-91 sezonu|
Aristoteles gibi Antik Yunan filozofları biyolojik bilginin gelişimine katkıda bulunmuşlar mıdır?|Biyoloji|77 Bildirgesi|Biyokimya mühendisliği|Rodoslu Eudemos|
Barış Manço'nun televizyon programı olan 7'den 77'ye, hangi yıl başlamıştır ve hangi kanalda yayınlanmıştır?|Özcan Türe|Güldüy Güldüy Show|IP telefon|Larus dominicanus|
Dil yozlaşmasının nedenleri arasında medyanın etkisi de bulunmakta mıdır?|İspanya'daki Yahudi kültürünün altın çağı|Taylor Swift|Heinz Rühmann|Fenerbahçe (erkek voleybol takımı) 1990-91 sezonu|
Eski Mısır'daki sanat, sadece dinsel ve politik amaçlar için mi kullanıldı?|İHeartRadio Müzik Ödülleri|Brillouin saçılması|Monosodyum glutamat|Kütüklü, Harran|
Uğur Mumcu'nun hakkında hangi belgeseller hazırlanmıştır ve kimler tarafından yönetilmiştir?|Anıtkabir|Frodo Baggins|Kifoz|Provance'lı Margaret|
Metafizikte hangi temel konular incelenir?|Canlısal manyetizma|Cengiz Han|Kütleçekimi alanı|Alime Abdenanova|
Orta Krallık Dönemi, 2. Mentuhotep'in Mısır'da siyasal birliği yeniden kurmasıyla başladı mı? |Antik Mısır|Monosodyum glutamat|Pforzheim|Hayatta kalma yanılgısı|
S. Murat Demiral, 1993 yılında öğretim görevlisi olarak çalışmış mıdır?|Sevecen Tunç|23 Eylül|İHeartRadio Müzik Ödülleri|Müjdat Gürsu|
 Hibrid veya Melez terimleri hangi anlamlara gelebilir?|Yanık (anlam ayrımı)|Pisagor teoremi|Yoncalık|Tilkilik|
Alfred Wegener'in kıta kayması teorisi 1960'larda kabul görmüş müdür?|Girne Kalesi|Rudolf Carnap|Marion Kracht|22 Kasım|
Ulusal Mühendislik Akademisi'ne göre, tarımdaki makineleşme bir devrim midir?|Akarsu, Tarsus|Erikli, Atakum|Amerika Birleşik Devletleri'nde LGBT tarihi|Eksiltili cümle|
Büyükbaş hayvanlar, Eski Mısır'da en önemli çiftlik hayvanlarından biri miydi?|Recep Tayyip Erdoğan|4 Minutes|Koçköy, Tuşba|Hayatta kalma yanılgısı|
Danimarka ve Hollanda, süt ürünleri ihracatıyla Avrupa'da öne mi geçmiştir?|Tarım|Cebrail Hasanov|Bazilika|Halkın Gücü Partisi|
Dinin kökeni hakkında bilimsel olarak kesin bir sonuca varılmış mıdır?|Çin mitolojisi|Jeff Forshaw|Wiesenthau|Demokrasi ve Özgürlükler Adası|
Mistisizm, fiziksel disiplinlerle ruhani hakikat veya tanrı ile birleşmeyi denemeye odaklanır mı?|Theridion makotoi|Theridion hummeli|Jaral del Progreso|Irkların karışması|
Gençlerbirliği'nin Türkiye Futbol Şampiyonası'nda kaç kez şampiyon olduğu bilgisini verir misiniz?|Türkiye Kadınlar Basketbol Şampiyonası|Adan|Ömer Hacısalihoğlu|Karaçı|
Metinde, toplum bilimcilerin çalışma alanları, toplum biliminin diğer bilimlerle ilişkisi, araştırma yöntemleri ve sosyal teoriler hakkında bilgiler verilmektedir.|Sosyoloji|Sosyoloji|Sosyoloji|Sosyoloji|
Yazılım mühendisliğinin tanımı kim tarafından yapılmıştır?|Cakewalk Sonar|Cengiz Han|Fenerbahçe (erkek voleybol takımı) 1990-91 sezonu|Ahmet Yener|
Metinde otomobil teknolojisinin ve yeniliklerinin tarihçesi hakkında neler söylenmektedir?|Macaristan Krallığı (1000-1301)|Macaristan Krallığı (1000-1301)|Koşma (edebiyat)|Anadolu Selçuklu Devleti|
Koyunların kuzulama dönemleri genellikle bahar aylarında mıdır?|Yerçekimi potansiyel enerjisi|Elizabeth Dönemi|G/Ç metotları|Brillouin saçılması|
Cumhurbaşkanlığı Sarayı'nın inşası hangi doğal alan üzerine gerçekleşti?|Saruhan Sancağı|Cengiz Han|Zeytindalı, Akçakale|Amerika Birleşik Devletleri'nde LGBT tarihi|
Galatasaray, 1953 yılında Türkiye Kürek Şampiyonası'nda Kadın ve Erkek Kürek Takımlarıyla şampiyon olmuş mudur?|Türkiye Kadınlar Basketbol Şampiyonası|Mustafa Rauf İnan|Uska Dara|Polis Bakım ve Yardım Sandığı|
Dersim Vilayeti hangi yıl ve hangi Osmanlı vilayetinden ayrılarak oluşturulmuştur?|Kirazlı, Osmangazi|Çin mitolojisi|Jeff Forshaw|Hayatta kalma yanılgısı|
Simbiyoz, her iki taraf için de faydalı olan bir ilişki türü müdür?|Manuil Vutumitis|Bazilika|Sophia Brahe|Zazaca|
Eski Mısırlıların giysileri genellikle renkli ve desenli miydi?|G/Ç metotları|İHeartRadio Müzik Ödülleri|Dil|Amerika Birleşik Devletleri'nde LGBT tarihi|
Mazgirt'in rakımı nedir?|Budapeşte|Gacallar|İHeartRadio Müzik Ödülleri|Monosodyum glutamat|
 Verilen e-posta örneğinde ne tür bir dolandırıcılık girişimi yer almaktadır ve spam e-postaların finansal etkileri nelerdir?|Yönlendirici|Lictor|Ardanuç|Mongoose Operasyonu|
Metinde otomobilin gelişmesine katkıda bulunan kişiler ve otomobilin çeşitli yönleri hakkında neler anlatılmaktadır?|Duygu|Anadolu Selçuklu Devleti|Firdevs Meydanı Olayı|Charlotte Brontë|
Hangi tür sismik dalgalar Dünya'nın içinden geçer?|Kütüklü, Harran|Çin mitolojisi|Dil|Zeytindalı, Akçakale|
Windows 7 hangi yıl piyasaya sürülmüştür?|Microsoft Windows|Windows 8|Microsoft Windows|Microsoft Windows|
 Bill Clinton'un Saray'dan ayrıldıktan sonraki faaliyetleri nelerdir?|Musevi terörizmi|Mustafa Kemal Atatürk|Kathleen R. F. Griffin-Burrill|Amerika Birleşik Devletleri'nde LGBT tarihi|
Norfolk'ta yaşayan İngiliz çiftçiler, dörtlü ekim nöbeti sistemini geliştirmişler midir?|Mathieu Kérékou|Veri ambarı|Ingress|Cengiz Han|
Fotosentezin üçüncü aşamasında NADPH ve ATP mi üretilir?|Dnepropetrovsk manyakları|Oksidatif fosforilasyon|Rezve|Emanet Gölge|
DNA parçalarının birleştirilmesini sağlayan enzim hangisidir?|Genetik|Genetik|Genetik|Cengiz Han|
Operon, aynı promotörü paylaşan bir gen kümesini ifade eder ve genellikle prokaryotlarda mı bulunur?|Yerçekimi potansiyel enerjisi|Arap-İsrail savaşları|Ferit İlsever|G/Ç metotları|
Temuçin'in kağan unvanının verildiği yıl hangisidir?|İHeartRadio Müzik Ödülleri|Triumvirlik|Mongoose Operasyonu|The Christmas Invasion|
Metinde, sosyoloji disiplininin özellikleri, sosyolojik bakış açısı, sosyal teori ve sosyal bilimlerle ilişkisi hakkında bilgiler verilmektedir.|Monosodyum glutamat|Aslanapa|Kimmerler|Veri ambarı|
Metinde hangi uluslararası anlaşmalar ve antlaşmalar, hangi tarihlerde imzalandı ve hangi önemli maddeleri içeriyorlar?|Abroz, Marmara|Şinasi, Ereğli|Göllüce, Torbalı|İskele, Edremit|
Mobil cihazlar için Linux tabanlı işletim sistemi hangi marka tarafından geliştirilmiştir?|Linux|Linux|Linux|Linux|
Metinde, Fransız şair ve yazar Gérard de Nerval'in hayatı, eserleri ve önemi hakkında bilgiler verilmektedir.|Wiesenthau|Mongoose Operasyonu|4 Minutes|The Christmas Invasion|
Barış Manço'nun askerlik süresi ne kadardır?|Jaral del Progreso|Anadolu Selçuklu Devleti|Apaseo el Alto|Jaral del Progreso|
2018 genel seçimlerinde Adalet ve Kalkınma Partisi kaç milletvekili çıkardı?|Tokat'ta 1987 Türkiye genel seçimleri|Isparta'da 1991 Türkiye genel seçimleri|Edirne'de 1999 Türkiye genel seçimleri|Gaziantep'te 2007 Türkiye genel seçimleri|
John Edwards'ın politik kariyerindeki en başarılı dönemi hangi seçimde yaşanmıştır?|Gözaltında ölüm ve kaybolma|Bursa'da 2011 Türkiye genel seçimleri|Hür Demokrat Parti (Kuzey Kıbrıs Türk Cumhuriyeti)|Kuzey Suriye'de Türkiye|
Depremin büyüklüğü hangi ölçek ile belirlenir?|Karl-Gerät|Cengiz Han|Koçköy, Tuşba|Birleşik Krallık hükûmeti|
Orta Krallık Dönemi'nde, Mısırlılar Girit ile ticari ilişki içine girdi mi?|Bazilika|Mustafa Akıncı|Zeytindalı, Akçakale|Antik Mısır|
Metinde hangi türlerdeki spam içerikleri ve bunların örnekleri verilmektedir?|Miracle at St. Anna|Harry Potter kurgusal evreni|Antik Mısır|Tulerpeton|
Ekolojinin ana alt dalları nelerdir?|Çin mitolojisi|Erikli, Atakum|Fethi Karakaş|Triumvirlik|
Hangi kaynaklar ve siteler, astronomiyle ilgili güncel haberler, incelemeler, fotoğraflar ve diğer içerikler sunar?|NGC 3690A|NGC 6290|NGC 518|Line|
Hangi yıl Türkiye Kupası'nı kazanarak UEFA Kupası'na katılma hakkı elde etmiştir?|Salih Hacıoğlu|Konya Havalimanı|Tuğba Karademir|Akdoğan, Mağusa|
İşaret dili çevirmenleri sadece el kol hareketlerini mi tercüme eder?|Deus ex machina|Ebru (anlam ayrımı)|Sancak bağı|Yukarısivri, Tortum|
Esperanto kelimesinin etimolojisi umut etmek anlamına gelen bir Fransızca kelimeye mi dayanır?|Esperanto|Türkiye|Özcan Türe|Net ölçüm|
Metinde anlatılan olaylar nelerdir?|Mongoose Operasyonu|Amerika Birleşik Devletleri'nde LGBT tarihi|Anıtkabir|Çin mitolojisi|
Karl Marx'ın 1841'de bitirdiği ve doktora tezi olarak sunduğu eserinin adı nedir?|Karl Marx|Karl Marx|Karl Marx|Karl Marx|
Temuçin'in ailesinde kaç kardeşi vardı?|Cengiz Han|Cengiz Han|Cengiz Han|Ardanuç|
Erdoğan hangi ülkenin Ukrayna'yı işgalini Kırım'ın işgali olarak nitelendirmiştir?|Recep Tayyip Erdoğan|Recep Tayyip Erdoğan|Aydın Erel|Wiesenthau|
Barış Manço hangi müzik türünün öncülerinden biri olarak bilinir?|İnikli, İznik|Kütüklü, Harran|Wiesenthau|Genetik|
Los Angeles'ta kaç tane Fortune 500 şirketi bulunmaktadır?|En İyi Yapım Tasarımı Akademi Ödülü|22 Kasım|Ehl-i Hak|Macaristan Krallığı (1000-1301)|
Pisagor'un önerdiği yönetim modelinde, yöneticiler nasıl seçilmelidir?|Miller-Urey deneyi|Yoncalık|The Christmas Invasion|Moshe Safdie|
Bu metinde Türkiye'de siyasi partilerin kuruluşu, tarihçesi, faaliyetleri ve mevcut durumu hakkında bilgiler verilmektedir. Siyasi partilerin Türkiye'deki gelişimi nasıl başlamıştır ve bugüne kadar nasıl bir seyir izlemiştir?|Kuzey Suriye'de Türkiye|Karaçı|Konya Havalimanı|Türkiye Cumhuriyeti Avrupa Birliği Başkanlığı|
2004 Amerika Birleşik Devletleri başkanlık seçimlerinde hangi eyaletlerde kazanan partinin farklı olduğu görüldü?|Çılgın At Dağ Anıtı|Basketbol|Pınarbaşı, Derebucak|Aslanapa|
John Edwards hangi başkan adayının başkan yardımcısı adayıydı ve hangi başkanlık seçimlerinde yer almıştır?|İzmiroğlu Cüneyd Bey|Gözaltında ölüm ve kaybolma|Fellah köftesi|Wonton|
Metinde bahsedilen olaylar nelerdir ve Atatürk'ün dış politikası nasıl şekillenmiştir?|Çin mitolojisi|Anadolu Selçuklu Devleti|Mongoose Operasyonu|Düz oranlı vergi|
Metinde hangi anlamlara gelen bir kısaltmadan bahsedilmektedir?|Aslanapa|Wiesenthau|Bazilika|Kütüklü, Harran|
Uluslararası hukukta, devletler arasında eşitlik ilkesi geçerli midir?|Cezayir|Amerika Birleşik Devletleri'nde LGBT tarihi|G/Ç metotları|Anıtkabir|
Windows işletim sistemi ailesi hangi şirket tarafından geliştirilmiştir?|Basit biyosfer modeli|Ardanuç|Çin mitolojisi|Ardanuç|
Dinin kökeninin vahiy olduğunu savunan bilim insanlarından biri Wilhelm Schmidt midir?|Sparta anayasası|Salih Hacıoğlu|Antik Mısır|Fethi Karakaş|
Mustafa Kemal, Hicaz Seferi'ne katılan birliklerin komutanlığına atandı mı?|Mustafa Kemal Atatürk|Küfizade Asaf Bey|4 Minutes|Recep Tayyip Erdoğan|
Galatasaray Lisesi'nin tarihi ve günümüzdeki durumu nasıldır?|Erikli, Atakum|Altunizade|Bahçe, Tarsus|Verimli, Tarsus|
Metinde, Porsche AG'nin Formula 1'deki başarıları, pilotlar dünya şampiyonlukları ve üreticiler dünya şampiyonlukları hakkında bilgiler bulunmaktadır.|Porsche|Lada Samara|Porsche|Porsche|
Kaç yılında Yıldız Savaşları serisinin ilk filmi yayınlanmıştır ve bu film hangi stüdyo tarafından yayınlanmıştır?|Hayalet (2019)|2007 yılında Türkiye'de en çok gişe yapan filmler listesi|İclal Ar|Cennet Gözlüm (film)|
Anıtkabir'in toplam maliyeti ne kadardı ve proje için ayrılan bütçeden ne kadar tasarruf edildi?|Alime Abdenanova|Amerika Birleşik Devletleri'nde LGBT tarihi|Suhoy Su-35|Saruhan Sancağı|
Gestuno, gerçek bir dil gibi somut dil bilgisel kurallarına sahip midir?|Ardanuç|Sparta anayasası|G/Ç metotları|Chilli sos|
Metinde hangi tür spam içeriklerinin olduğu ve bunların kullanıcılara nasıl ulaştığı hakkında bilgi verilmektedir?|Yönlendirici|PH metre|Anıtkabir|Anaksimenes (Lampsakoslu)|
Metinde, coğrafyanın beş temel unsuru ve bu unsurların açıklamaları verilmektedir. Bu unsurlar nelerdir ve nasıl tanımlanmaktadır?|Triumvirlik|Kimmerler|Amerika Birleşik Devletleri'nde LGBT tarihi|The Christmas Invasion|
Big Bang modeli 1984'te mi doğrulanmıştır?|Yaakov Heruti|1984 Kış Olimpiyatları|Seven (Güney Koreli şarkıcı)|Idir|
Tony Blair, hangi yıllar arasında Birleşik Krallık Başbakanlığı yapmıştır?|Tony Blair|Tony Blair|Recep Tayyip Erdoğan|Tony Blair|
Hangi tür insani faaliyetler yapay depremlere örnek olarak verilebilir?|Basit biyosfer modeli|Kronik rumen asidozu|Hukuk|Basit biyosfer modeli|
 Metinde, Mustafa Kemal Atatürk'ü canlandıran oyuncular ve yapımlar hakkında bilgiler verilmiştir.|Küfizade Asaf Bey|Mustafa Kemal Atatürk|Anıtkabir|Anıtkabir|
Ataol Behramoğlu'na yönelik açılan manevi tazminat davasında Ankara 15. Asliye Hukuk Mahkemesi ne karar verdi?|Çatak, Haymana|Recep Tayyip Erdoğan|Karataş, Çankaya|Gökçek, Sincan|
Fred Hoyle kaç yaşında öldü?|Düz oranlı vergi|G/Ç metotları|Özcan Türe|Mūza Rubackytė|
Recep Tayyip Erdoğan, hangi siyasi partinin genel başkanıdır?|Arap-İsrail savaşları|Abdullah Gül|Abdullah Gül|Merkez Parti|
bir alanı işgal eden ve nesilden nesile üreyen aynı türe ait organizmalar grubuna popülasyon mu denir?|Kopepod|Ardanuç|Bazilika|İCloud|
Mumyalama, Eski Mısırlılar için ölümden sonraki yaşamın önemli bir parçası mıydı?|Monosodyum glutamat|Antik Mısır|Kırıkkale'de 2018 Türkiye cumhurbaşkanlığı ve genel seçimleri|Türkiye|
Wesley Clark hangi askeri akademide öğrenim gördü?|Giuseppe Torelli|İşçi Partisi (Norveç)|Kobe Bryant|André Billardon|
 Metinde, coğrafyanın beş temel unsuru ve bu unsurların açıklamaları verilmektedir. Bu unsurlar nelerdir ve nasıl tanımlanmaktadır?|Triumvirlik|Kimmerler|Amerika Birleşik Devletleri'nde LGBT tarihi|The Christmas Invasion|
Antik Mısır'da kadınlar, hukuk önünde eşit muamele görürler miydi?|Şok Doktrini|Gacallar|II. Dünya Savaşı sırasında tarafsız güçler|Anıtkabir|
Cezayir'in nüfusu kaç milyondur?|Cengiz Han|Ziyad Ceziri|Teke Sancağı|Aslı Demir|
Pozitivizmin üç aşama yasası nedir?|Gray Biyopsikolojik Kişilik Kuramı|Anthony Johnson|Bazilika|Peptik ülser hastalığı ve Helicobacter pylori'nin zaman çizelgesi|
Zafer Kulesi hangi bölümde yer almaktadır?|Wiesenthau|Obernbreit|Çin mitolojisi|Andenne|
Metinde, toplum biliminin tarihçesi, kuruluşu ve disiplinin içindeki gelişimi hakkında bilgiler verilmektedir.|Pisagor teoremi|Sosyoloji|Kütüklü, Harran|Irkların karışması|
Uğur Mumcu'nun siyasi duruşu ve gazetecilik kariyeri hakkındaki verilen bilgiler nelerdir?|Kesme taş|Çin mitolojisi|Sophia Brahe|The Christmas Invasion|
2001 yılında kurulan ilk üniversite hangi tarihte kurulmuştur?|Helsinki Üniversitesi|2001 Dünya Üniversiteler Kış Oyunları|Recep Tayyip Erdoğan|Somerville College, Oxford|
Metindeki bilgileri özetler misin?|Aslanapa|Selim Turan|Iballe|Egoist anarşizm|
William J. Clinton'un hayatı ve politik kariyeri hakkında ne söylenebilir?|Tokatlıoğlu|Şecere-i Türkî|Yayla (şirket, Türkiye)|Eylem Yıldız|
Cengiz Han'ın sahip olduğu topraklar hangi imparatorluğun büyüklüğündeydi?|Cengiz Han|Anadolu Selçuklu Devleti|Uti possidetis|MÖ 220|
Barış Manço ve Kurtalan Ekspres'in 1977 yılında yayımlanan albümün adı nedir?|Gül Onat|Esther Zimmering|Bir Ofis Romansı|İhsan Bayraktar|
Metinde Zazaca edebiyatının gelişimi, dergiler, yayınevleri ve televizyon yayınları hakkında hangi bilgiler verilmektedir?|Türkiye|Sosyal televizyon|Larus dominicanus|Havza (anlam ayrımı)|
Eski Krallık ve Orta Krallık dönemlerinde piramitlerin yapımı devam mı etmiştir?|Hayatta kalma yanılgısı|Hukuk|Monosodyum glutamat|Tafoni|
Yeni Krallık Dönemi'nde, Deniz Kavimleri Mısır'a saldırdı mı? |Monosodyum glutamat|Brillouin saçılması|Sosyoloji|Yayla (şirket, Türkiye)|
Metinde Zazaca diliyle çekilmiş filmler ve belgeseller hakkında hangi bilgiler verilmektedir?|Taylor Swift|Söz Vermiştin|Avrupa'da konuşulan diller|Bolşevizm|
Terry Gilliam'ın hangi filmi 1985 yılında çekilmiştir?|Bir Ofis Romansı|Almanya Acı Vatan|Sanaya Irani|22 Kasım|
Mısırlılar, Güneş'e dayalı bir takvim oluşturmuşlar mıydı?|Güneş tanrılarının listesi|İHeartRadio Müzik Ödülleri|Hayatta kalma yanılgısı|Deizm|
İstiklâl Marşı'nın bestesi kime aittir?|Monosodyum glutamat|Yayla (şirket, Türkiye)|Güneş Sigorta (kadın voleybol takımı)|Çin mitolojisi|
Habitat nedir?|Uzay psikolojisi|Moshe Safdie|Ekoloji|Moshe Safdie|
Metinde, bilgisayar mühendisliğinin tanımı, çalışma alanları ve tarihçesi hakkında bilgiler verilmektedir.|Wiesenthau|Zeytindalı, Akçakale|Küçük Asya'nın Abbasi işgali (806)|Irkların karışması|
Komünite, aynı coğrafi alanda yaşayan farklı türlerin popülasyonlarını içerir mi?|Miracle at St. Anna|Barış Manço|Kanüllü inek|Filibe Sinagogu|
Bu metinde yer alan tanrı gruplarının ve tanrıçalarının özellikleri nelerdir?|Güneş tanrılarının listesi|Moshe Safdie|Mongoose Operasyonu|Çin mitolojisi|
Anadolu'nun bilinen ilk sakinleri Hint-Avrupa milletlerindendir, doğru mu?|Dil|Necati Tığlı|Karaşeyh, Doğubayazıt|Genetik|
Metinde, bilgisayar programcılığının tanımı, programlama dilleri kullanarak donanıma iş yaptırma süreci ve bu süreçle ilgili bazı ilgili kavramlar hakkında bilgiler verilmektedir.|Bilgisayar programcılığı|Veri ambarı|Veri ambarı|Programlama dili|
Antropolojinin erken dönemlerinde hangi düşünce hakimdi?|Tıbbi antropoloji|Cerh ve Ta'dil|Koşma (edebiyat)|Elizabeth Dönemi|
Otrar Hadisesi ne zaman gerçekleşti?|Miracle at St. Anna|HADYEK|Selim Turan|637|
Mısır matematikçileri, sadece dört işlemi ve kesirleri mi kullanabiliyorlardı?|Monosodyum glutamat|Güneş Sigorta (kadın voleybol takımı)|İHeartRadio Müzik Ödülleri|Filantropizm|
Dil değişiminin sosyal etkenlere bağlı olduğu iddia edilebilir mi?|Nursultan Nazarbayev|Kimmerler|Eliptik dönen değişenler|Wiesenthau|
Tanıl Bora'nın kitabının ISBN numarası nedir?|Wiesenthau|Zalduondo|Potosí departmanı|Alabayır, Tuşba|
Mısır’da ticaret genellikle rahiplerin kontrolünde miydi?|G/Ç metotları|1787-1792 Osmanlı-Rus Savaşı|Bazilika|Amerika Birleşik Devletleri'nde LGBT tarihi|
Gençlerbirliği'nin ilk ciddi başarısını elde ettiği yıl hangisidir?|Zeytindalı, Akçakale|Triumvirlik|Hayatta kalma yanılgısı|Arap-İsrail savaşları|
Cengiz Han'ın hükümdarlık dönemi kaç yıl sürdü?|Cengiz Han|Brillouin saçılması|The Christmas Invasion|Mustafa Akıncı|
Dünyada gerçekleşen en büyük depremler hangileridir?|Rusya Sosyal Demokrat İşçi Partisi 5. Kongresi|Selim Turan|Karl-Gerät|Cengiz Han|
Pisagor teoremi hangi matematikçiye atfedilir?|Tequila, Jalisco|Merkez, Eyüpsultan|Eben-Emael Kalesi Muharebesi|Deus ex machina|
Barış Manço'nun Belçika'daki evi hangi isimle anılmaktadır?|Gent-Terneuzen Kanalı|Wiesenthau|Jaral del Progreso|Sabis Muharebesi|
II. Dünya Savaşı sonrasında Cezayir'de gerçekleşen ayaklanma hangi tarihte gerçekleşmiştir?|HADYEK|İzmir'de 1986 Türkiye milletvekili ara seçimleri|Cezayir|Antik Mısır|
Hierakonpolis'teki iklim değişikliği, bölge halkını Nil Nehri'nin taşkınlarından koruyacak sulama projelerini geliştirmeye yönlendirdi mi? |Kıyı taşkını|Hukuk|Mustafa Kemal Atatürk|Tafoni|
Neolitik çağdan itibaren Aliağa'ya yerleşen ve tarım yapan insanların sayısındaki artış oranı nedir?|Fenerbahçe (erkek voleybol takımı) 1990-91 sezonu|Cengiz Han|2019 Eurovision Şarkı Yarışması'nda Finlandiya|Hayatta kalma yanılgısı|
İslam hukuku, hukukun kaynağı olarak Kur’an’ı mı görür?|Hırka-i Şerif|Ermeni Kırımı'na Türk muhalefeti|Şok Doktrini|Harry Potter kurgusal evreni|
Recep Tayyip Erdoğan hangi medya kuruluşuna verdiği mülakatta eleştirildi?|Diyarbakır Muharebesi|İzmiroğlu Cüneyd Bey|Arap Sosyalist Hareketi (Şam hizbi)|Anıtkabir|
Mustafa Kemal'in milliyetçi mücadelesi sırasında iç ve dış politikadaki gelişmeleri özetleyiniz.|Küfizade Asaf Bey|Mustafa Kemal Atatürk|Yayla (şirket, Türkiye)|Girne Kalesi|
Metinde, İtalya'da kurulan oluşumlar ve kurumsal yan kuruluşlar hakkında bilgi verilmektedir.|Pizzoferrato|Pizzoferrato|Pizzoferrato|Marostica|
Hukuk, sadece bireyler arasındaki ilişkileri düzenleyen bir normatif bilim midir?|Erikli, Atakum|Aslanapa|Aziz Antonius Manastırı|Wiesenthau|
Metinde, Mustafa Kemal Atatürk'ün ölümünden sonra gerçekleşen anma etkinlikleri ve Atatürk'ün hayatı üzerine yapılan çalışmalar hakkında bilgiler verilmiştir. Ayrıca, Atatürk'ün kişisel yazıları ve eserleri ile ilgili bilgilere de değinilmiştir.|Mustafa Kemal Atatürk|Mustafa Kemal Atatürk|Anıtkabir|Mustafa Kemal Atatürk|
 Metinde, coğrafyanın tanımı, tarihi, temel ilkeleri ve dalları hakkında bilgiler verilmektedir.|Antik Mısır|The Christmas Invasion|Wiesenthau|Miracle at St. Anna|
Mustafa Kemal'in cumhuriyetle meşruti monarşi arasındaki farkları açıkladığı ve Türkiye Cumhuriyeti'nin ilan edilme sürecini anlatan metni özetleyiniz.|Mustafa Kemal Atatürk|Anıtkabir|Mustafa Kemal Atatürk|Girne Kalesi|
Zazaca dilinin coğrafi dağılımı ve sınıflandırılması hakkında neler söylenmektedir?|Çeşme|Anadolu Selçuklu Devleti|Nazan Öncel|Dilekkaya, Lefkoşa|
Galatasaray Kadın Sutopu Takımı, 2012 yılında Türkiye Kadınlar Sutopu 1. Ligi'nde şampiyon olmuş mudur?|Galatasaray SK|Galatasaray SK|Ahmet Reşat Arığ|Tuğba Karademir|
Metinde Zazaca dilinin akrabalık ilişkileri, kökeni ve edebiyatı hakkında hangi bilgiler verilmektedir ve nasıl geliştiği açıklanmaktadır?|Dil|Zeytindalı, Akçakale|Düz oranlı vergi|Esperanto|
Grafın temeli kim tarafından atılmıştır?|Manuil Vutumitis|Anıtkabir|Gazetelerin kitap ekleri|Ebru (anlam ayrımı)|
Napolyon Bonapart, Mısır'da bilimsel çalışmalar düzenlemiş midir?|4 Minutes|Düz oranlı vergi|Triumvirlik|Hayatta kalma yanılgısı|
Hitit İmparatorluğu'nun çöküşünden sonra Anadolu'da üstünlük elde eden devlet Frigler midir?|Sumaki Höyük|Kepler'in gezegensel hareket yasaları|Menhir|Cengiz Han|
Arkealar, bakterilerden farklı olarak, eşeysiz olarak çoğalır mı?|Kuşça, Cihanbeyli|Antik Mısır|Çin mitolojisi|Konjenital kalp defektleri|
Yıldız astronomisinin temel prensipleri ve yıldızların evrim süreçleri nelerdir?|Amerika Birleşik Devletleri'nde LGBT tarihi|I. Dünya Savaşı ordularının subay rütbe ve işaretleri|Bilecik'te 2019 Türkiye yerel seçimleri|İHeartRadio Müzik Ödülleri|
Mısır'da dünya da bilinen ilk barış antlaşması imzalanmış mıdır?|Recep Tayyip Erdoğan|Kuşça, Cihanbeyli|Zeytindalı, Akçakale|Sarıkaya, Kadınhanı|
Hangi FKF Genel Başkanı TİP üyesiydi ve seçildikten sonra MDD çizgisine geçti?|Suhoy Su-33|Ferit İlsever|Genetik|Genetik|
Bu metindeki bilgilere dayanarak Türkiye'de siyasi partilerin hukuki durumu ve mevcut listelerde yer alan siyasi partilerin durumu hakkında ne söylenebilir?|Türkiye'deki siyasi partiler listesi|Arap Sosyalist Hareketi (Şam hizbi)|Merkez Parti|Dior Eluchíl|
Mendel'in çalışmaları, modern genetiğin temellerini atmış mıdır?|İHeartRadio Müzik Ödülleri|Arap-İsrail savaşları|Kongo Nehri|Mardin'de 2023 Türkiye cumhurbaşkanlığı ve genel seçimleri|
Ankara Hükûmeti'nin iç politikadaki adımları ve dış politikadaki gelişmeleri özetleyiniz.|Gazi, Polatlı|Türkkarsak, Polatlı|Recep Tayyip Erdoğan|1871|
Kim 2004 yılında Yılın Avrupalısı seçildi ve Türkiye'nin Avrupa Birliği'ne katılımının medeniyetler çatışmasına yol açmayacağını belirten bir yorumda bulundu?|Faruk Kaymakcı|Mathieu Kérékou|Recep Tayyip Erdoğan|Gözaltında ölüm ve kaybolma|
Yehuling Savaşı'nda kaç Jin askeri hayatını kaybetti?|Cengiz Han|I. Dünya Savaşı ordularının subay rütbe ve işaretleri|Yayla (şirket, Türkiye)|Çin mitolojisi|
2020-2021 sezonunda 24 Erzincanspor futbol takımı hangi ligde yer almıştır?|Manchester United FC 2006-07 sezonu|Ricardinho (Mayıs 1976 doğumlu futbolcu)|Batuhan Şen|İHeartRadio Müzik Ödülleri|
Barış Manço'nun ilk video klibi hangi şarkı için çekilmiştir?|Alime Abdenanova|Anıtkabir|İHeartRadio Müzik Ödülleri|Kuşça, Cihanbeyli|
Metinde hangi dilbilgisi ve dil yapısı özellikleri hakkında bilgiler verilmektedir?|Hayatta kalma yanılgısı|Dil|Avından el alan|Bolşevizm|
Tören meydanının toplam ölçüsü nedir?|Peter Higgs|Ingress|Kimmerler|Manuil Vutumitis|
Otrar hadisesi sonrasında Harezmşah Muhammed hangi yıl Cengiz Han'a karşı savaş planı oluşturdu?|Türkiye|Miriam Schapiro|Ehl-i Hak|Babür-İngiliz Savaşı|
Orwell'in 1984 romanı, dilin politik olarak nasıl kullanılabileceğine dair bir örnek midir?|1984 Kış Olimpiyatları|Hayatta kalma yanılgısı|Nancy Angelo|Mongoose Operasyonu|
Hukuk, sadece devlet tarafından güvenceye alınmış ve cebrî yaptırımlara sahip olmalı mıdır?|Hukuk|Kimmerler|1978 Madrid saldırısı|Frodo Baggins|
Uğur Mumcu'nun hayatı ve gazetecilik kariyeri hakkında verilen bilgiler nelerdir?|Çin mitolojisi|Eylem Yıldız|Mongoose Operasyonu|Kesme taş|
Metinde, toplum bilimcilerin farklı araştırma yöntemlerini ve yaklaşımlarını kullanarak toplum bilimini nasıl anladıkları, özellikle nitel ve nicel araştırma yöntemlerinin önemi, ve toplumsal değişimi açıklamak için kullanılan sosyal teoriler hakkında bilgi verilmektedir.|Sosyoloji|Sosyoloji|Sosyoloji|Komün (sosyoloji)|
 Metinde, Ferrari'nin Formula 1'deki başarıları ve yaşadığı değişimler hakkında detaylı bilgiler yer almaktadır. Ferrari'nin Formula 1 tarihindeki önemli dönüm noktaları, kazandığı şampiyonluklar ve mücadeleleri anlatılmaktadır.|4 Minutes|Sophia Brahe|Mustafa Kemal Atatürk|Merkantilizm|
Cengiz Han, Kara Hıtayların son hükümdarı Güçlük'e karşı hangi yıl Cebe Noyan komutasında bir kuvvet yolladı?|Frodo Baggins|Ermeni Kırımı'na Türk muhalefeti|Ardanuç|Korcan Karar|
Barış Manço'nun oğlu Doğukan Hazar Manço ne zaman doğmuştur?|Genetik|Pritzker Mimarlık Ödülü|Beyşehir Gölü|Zazaca|
Anıtkabir'in inşaatı ne zaman tamamlanmıştır?|Uğur Mumcu|Amerika Birleşik Devletleri'nde LGBT tarihi|Mongoose Operasyonu|İHeartRadio Müzik Ödülleri|
Nişabur'da kaç gün içinde piramitlerin tamamı yapıldı?|1966|Sıkıntı|Recep Tayyip Erdoğan|Chang'e 4|
Asurlular, Mısır'ın kontrolünü vasallara bıraktı mı?|Münestir|Triumvirlik|Ardahan (il)|İspanya'daki Yahudi kültürünün altın çağı|
Nâzım Hikmet Kültür Merkezi'nin faaliyet gösterdiği şehirler hangileridir?|Hayatta kalma yanılgısı|Federal Deposit Insurance Corporation|G/Ç metotları|Bazilika|
Microsoft Windows 11'in kod adı nedir?|Fethi Karakaş|Evliya Çelebi|Özcan Türe|Yavuz Bülent Bâkiler|
İnşaatın kontrol şefliğine atanacak kişi ve bu göreve ne zaman getirildiği hakkında bilgi verebilir misiniz?|Bolşevizm|Zanlı|Bazilika|Hayatta kalma yanılgısı|
İsmet İnönü'nün siyasi kariyeri ne zaman başlamıştır?|Emmanuel Sanon|Emmanuel Sanon|Emmanuel Sanon|Emmanuel Sanon|
Termit yuvalarında sıcaklığın sabit tutulmasını sağlayan yapı nedir?|Yahyalı|II. Dünya Savaşı sırasında tarafsız güçler|Antik Mısır|Fenerbahçe (erkek voleybol takımı) 1990-91 sezonu|
Metinde, Y kuşağının tanımı, doğum aralığı, dijital teknolojilere olan aşinalığı, yaşadığı ekonomik ve siyasi etkiler, ve diğer kuşaklarla ilişkisi hakkında bilgiler verilmektedir.|Hukuk|Sahte anı|Burhan Haldun Dağı|Zazaca|
Fizik, sadece mühendislikte simülasyon üretmek için mi kullanılır?|Bazilika|Württemberg Krallığı|Bilgelik|Cakewalk Sonar|
Hukuk sistemlerinin kaynağı Roma hukuku mudur?|Hukuk|Uti possidetis|Arazi toplulaştırma|Türkiye|
Birleşmiş Milletler'e üye kaç ülke vardır?|Aslanapa|Beyköy, Köşk|Erikli, Atakum|Elizabeth Dönemi|
Gestuno, Dünya İşitme Engelliler Federasyonu'nun kongresinde mi ele alınmıştır?|Güneş Sigorta (kadın voleybol takımı)|Dior Eluchíl|Sahte anı|Mustafa Kemal Atatürk|
Filogeni, biyolojik sınıflandırmanın temelini oluşturur mu?|Zazaca|Irkların karışması|İHeartRadio Müzik Ödülleri|Yönlendirici|
Ebru kelimesi Farsça kökenli midir?|Ebru (anlam ayrımı)|Cengiz Han|Faik Baysal Kütüphanesi|MÖ 21. yüzyıl|
Astronominin dalları, alanları ve konuları nelerdir?|Küfizade Asaf Bey|Amerika Birleşik Devletleri'nde LGBT tarihi|Nafiye Güneç Kıyak|İHeartRadio Müzik Ödülleri|
Hayvanlar, belirlenmiş işaret sistemlerini kullanarak iletişim kurabilirler mi?|Charlotte Brontë|Kültürel boyutlar teorisi|Çanakkale'de Haziran 2015 Türkiye genel seçimleri|Merkantilizm|
Cezayir müziğinin en çok bilinen türü nedir?|Görgü tanığının ifadesi|Koçköy, Tuşba|Küçük Asya'nın Abbasi işgali (806)|Polimerlerin kristalizasyonu|
Mustafa Kemal Paşa, Samsun'a çıkarken yanında sadece askeri personel mi vardı?|Küfizade Asaf Bey|Mustafa Kemal Atatürk|Mustafa Kemal Atatürk|Mustafa Kemal Atatürk|
Tunceli'de kaç köy bulunmaktadır?|İspanya'daki Yahudi kültürünün altın çağı|Brillouin saçılması|Anadolu Selçuklu Devleti|Triumvirlik|
 Metinde Atatürk'ün doğum tarihiyle ilgili bilgiler nelerdir ve bu konudaki belirsizlik nasıl açıklanmaktadır?|Görgü tanığının ifadesi|Beyşehir Gölü|Mustafa Kemal Atatürk|Mustafa Kemal Atatürk|
Metinde hangi siyasi partiden ve tarihlerden bahsedilmektedir?|Arap Sosyalist Hareketi (Şam hizbi)|Abdullah Gül|Beyaz Rusya Komünist Partisi|İç Makedon Devrimci Örgütü - Makedonya'nın Ulusal Birliği Demokratik Partisi|
Mayoz, DNA replikasyonunu takiben iki bölünme geçirerek dört haploid yavru hücre mi oluşturur?|Biyoloji|Genetik|Genetik|Genetik|
Karmaşık sayılar hangi sayı kavramının bir uzantısı olarak ortaya çıkmıştır?|Serseng Baraj Gölü|Hayatta kalma yanılgısı|Miriam Schapiro|Fenerbahçe (erkek voleybol takımı) 1990-91 sezonu|
Temuçin kaç yaşındayken evlendi?|Cengiz Han|Miracle at St. Anna|Cengiz Han|Suhoy Su-33|
Sultan Celaleddin'in Gazne'deki Moğol ordusunu yendiği savaşta kaç askerle yerleşmişti?|Güneri Bey|Alime Abdenanova|Çaka Bey|Anadolu Selçuklu Devleti|
Pertek Belediyespor kadın takımı, hangi ligde yer almaktadır ve kendi grubunda kaçıncı olmuştur?|Wiesenthau|Çin mitolojisi|US5|Zazaca|
Mustafa Kemal'in askeri başarıları ve Türk Kurtuluş Savaşı'nın son aşamalarındaki gelişmeler hakkında bilgi veriniz.|Ebru (anlam ayrımı)|Küfizade Asaf Bey|Salmanlı obası|Girne Kalesi|
Gül 29 Ekim 1950'de Kayseri'de dünyaya gelen kimdir?|Korkunç Yıllar|Radyo ve Televizyon Yüksek Kurulu|II. Dünya Savaşı sırasında tarafsız güçler|Çanakkale'de 1955 Türkiye yerel seçimleri|
Temuçin ve Tuğrul Han arasındaki anlaşmazlık hangi yıl başlamıştır?|Merkez, Eyüpsultan|Tequila, Jalisco|Kanlıgeçit Höyük|The Christmas Invasion|
Metinde, Ferrari'nin kurucusu Enzo Ferrari'nin hayatı ve şirketin tarihçesi hakkında detaylı bilgiler yer almaktadır. Ferrari'nin başarıları, maddi zorluklarla mücadelesi ve Enzo Ferrari'nin ölümüne ilişkin çeşitli görüşler metinde yer alır.|Camugnano|Ficarazzi|Vito d'Asio|Romagnese|
Anıtkabir'in toplam yüzölçümü ne kadardır ve bu alanın kaç m2'si Barış Parkı'na ayrılmıştır?|Kimmerler|Mongoose Operasyonu|Küçük Asya'nın Abbasi işgali (806)|Yahyalı|
Güneydoğu Anadolu Bölgesi'nde hangi dağ yer alır ve hangi yüksekliğe sahiptir?|Wiesenthau|Sabis Muharebesi|Triumvirlik|Deizm|
Metinde, Porsche AG'nin kuruluşu, ürettiği modeller, yarış başarıları ve iş birlikleri hakkında bilgiler bulunmaktadır.|Mazgirt|1660 Büyük İstanbul Yangını|Burhan Haldun Dağı|Çin mitolojisi|
Şeref Holü'nde hangi yazılar ve mesajlar yer almaktadır?|Wiesenthau|Obernbreit|Wi-Fi Protected Access|Zazaca|
 Metinde, Mustafa Kemal Atatürk'ün aşk hayatı, evlilikleri ve manevi evlatları hakkında bilgiler verilmiştir. Ayrıca, Atatürk'ün dinî inancıyla ilgili farklı görüşler ve belirtilen sözler de açıklanmıştır.|Mustafa Kemal Atatürk|Mustafa Kemal Atatürk|Anıtkabir|Mustafa Kemal Atatürk|
İşaret dili, görsel olarak algılanan bir doğal dil sistemi midir?|Esperanto|Helenleştirme|Dil|Dil|
Fazilet Partisi 1. Olağan Kongresi ne zaman yapılmıştır?|Çin mitolojisi|Düz oranlı vergi|Tequila, Jalisco|Monosodyum glutamat|
Metinde ulaşımın çeşitleri nelerdir ve hangi yollar başlıca ulaşım yolları olarak belirtilmiştir?|Çin mitolojisi|Triumvirlik|Wiesenthau|Amerika Birleşik Devletleri'nde LGBT tarihi|
Mustafa Kemal'in cumhuriyet döneminde gerçekleştirdiği devrimler ve politikaları özetleyiniz.|Küfizade Asaf Bey|Mustafa Kemal Atatürk|Amerika Birleşik Devletleri'nde LGBT tarihi|Saruhan Sancağı|
Yoda, Luke Skywalker'ı bataklıklarda eğitmek için Dagobah gezegenine gitti mi?|Yoda|Yoda|Yoda|Yoda|
Metinde, coğrafya alanındaki temel paradigmaların tarihçesi ve belirli dönemlerdeki etkileri açıklanmaktadır. Hangi paradigmalar belirli dönemlerde öne çıkmıştır ve hangi düşünceleri temsil etmişlerdir?|Koşma (edebiyat)|Koşma (edebiyat)|Elizabeth Dönemi|Cerh ve Ta'dil|
Yıldız Savaşları'nın Yüksek Cumhuriyet dönemi kaç yıl öncesine dayanmaktadır?|Yahyalı|Frodo Baggins|Kesme taş|Tafoni|
Hücre ölümüne ne ad verilir?|PH metre|Bavyeralı Theodbert|Ardanuç|Baruch Spinoza|
Sinema sanatının kaç temel öğesi vardır?|Antik Mısır|Filibe Sinagogu|Bir Ofis Romansı|Kırıkkale'de 2018 Türkiye cumhurbaşkanlığı ve genel seçimleri|
Galatasaray, 1999-2000 sezonunda UEFA Kupası'nı kazanarak bir Avrupa Kupası kazanan ilk ve tek Türk futbol kulübü olmuş mudur?|Gençlerbirliği SK|Ramazan Keskin|2001-02 UEFA Kupası|Ömer Hacısalihoğlu|
Recep Tayyip Erdoğan hangi okullarda eğitim almıştır?|Recep Tayyip Erdoğan|Can Dündar|Recep Tayyip Erdoğan|Okey|
Elektronik mühendisliği kaç dalı inceler?|Anadolu Selçuklu Devleti|Çin mitolojisi|Hayatta kalma yanılgısı|Ardanuç|
Antik Atina'da hukuk bilimi veya hukuka dair bir kelimeye rastlanmış mıdır?|The Jackson 5|Birleşik Krallık hükûmeti|Hepat|Çin mitolojisi|
Audi'nin dünyanın ilk tamamen alüminyumdan yapılmış seri üretim otomobili hangisidir?|Tavuk yağı|Wonton|Zazaca|Zeytindalı, Akçakale|
Metinde Ferrari'nin 2007 Formula 1 sezonundaki performansı ve yaşanan olaylar hakkında detaylı bilgiler yer almaktadır. Ayrıca, Ferrari'nin satış prensipleri ve otomobil modelleri hakkında da bilgi verilmektedir.|Şahaloğlu, Refahiye|2019 Almanya Grand Prix|Derovere|Merkantilizm|
1984'te Hindistan'da gerçekleşen ve yaklaşık 1000 kişinin öldüğü olay nedir?|1141|1984 Kış Olimpiyatları|Medcezir (dizi)|G/Ç metotları|
Türkiye'nin sınırlarını paylaştığı ülkeler arasında İran var mıdır?|Salih Hacıoğlu|XIX. Asır Türk Edebiyatı Tarihi|Türkiye|Adnan Sadık Erzi|
Hangi mitolojilerde depremlerin sebepleri hakkında inançlar bulunmaktadır?|Triumvirlik|Danla Bilic|İspanya'daki Yahudi kültürünün altın çağı|Anıtkabir|
Hangi seçimde George W. Bush ikinci kez ABD başkanlığına seçildi?|Triumvirlik|Bazilika|Alibeyli, Sumbas|Amerika Birleşik Devletleri'nde LGBT tarihi|
Mısır'da, granit, kumtaşı ve alabaster gibi yüksek kalitede yapı taşları bulunuyor muydu?|Brillouin saçılması|Frodo Baggins|Şevket Uğurluer|Çin mitolojisi|
Bu listedeki Mısır tanrılarının çoğu hangi cinsiyete aittir?|Triumvirlik|Hayatta kalma yanılgısı|Kimmerler|İspanya'daki Yahudi kültürünün altın çağı|
Metinde Ferrari'nin çeşitli modelleri ve üretim tarihleri detaylı bir şekilde listelenmiştir. Ayrıca, Ferrari'nin farklı segmentlerdeki arabaları ve üretim yılları hakkında bilgi verilmektedir.|Matelica|Romagnese|Derovere|Bazilika|
Temuçin'in kaç yıl önce nişanlandığı Börte ile evlilik düğünü yapmak için yola çıktığı belirtilmiştir?|The Christmas Invasion|Aleksandr Markoviç Polyakov|İHeartRadio Müzik Ödülleri|Tafoni|
Metinde, farklı toplumsal kuramların ve yaklaşımların temsilcileri ile ilgili bilgiler verilmektedir. Ayrıca, toplum biliminin toplumsal psikoloji ile ilişkisi ve bu alandaki temel kavramlar ele alınmaktadır.|Komün (sosyoloji)|Sosyoloji|Eşit Bakım Emeği Günü|Toplumsal eleştiri|
Ahmet Şık hangi konuları ele alan kitaplar yazmıştır?|Avından el alan|Hayatta kalma yanılgısı|Zazaca|Medcezir (dizi)|
Karl Marx'ın damadı olan sosyalist kimdir?|Karl Marx|Karl Marx|Karl Marx|Karl Marx|
Hücre zarı, çift katlı lipit katmanından oluşur ve tam geçirgen midir?|Ingress|Mongoose Operasyonu|Zanlı|Ardanuç|
Varlık fenomen olarak kabul edildiğinde hangi felsefi görüş ortaya çıkar?|Bozkurt işareti|Çin mitolojisi|Baruch Spinoza|Anıtkabir|
İsmet İnönü'nün kabri nerededir?|Nejla Demirci|Mika Lintilä|İsmet İnönü|Barış Manço|
Yarı ölü bir dilde üst yaşlardan binlerce konuşan olması dilin yok olmasını engeller mi?|Oksijen izotopu|Tusken Akıncıları|Çin mitolojisi|Hayatta kalma yanılgısı|
Osmanlı İmparatorluğu’nda Tehcir Kanunu ile Ermeniler, Suriye'ye göç ettirilmiş midir?|Saruhan Sancağı|Altı İmparator Yılı|Cengiz Han|İki kutsal caminin hizmetkârı|
 Atatürk'ün doğum tarihi ve soyadı değişikliğiyle ilgili bilgileri özetleyin.|Genetik|Beyşehir Gölü|Württemberg Krallığı|Mustafa Kemal Atatürk|
Barış Manço hangi albümünde müzik hayatının 40 yılını anlatan 40. yıl şarkısını besteledi ancak sözlerini yazamadı?|Müjde (şarkı)|Aşkhane|Barış Manço|Başımda Bela Var / Yarınsızım Ben|
Zazaca dilinin dilbilimi tarihinde hangi önemli çalışmalar yapılmıştır?|Dil|Dil|Helenleştirme|Dil|
Karl Marx'ın dev çalışması Kapital'in ilk cildi hangi yıl yayımlandı?|Carlos Chagas|Carlos Chagas|Uğur Mumcu|Medcezir (dizi)|
Barış Manço, Eurovision Şarkı Yarışması'nın Türkiye elemelerine Kazma şarkısıyla hangi yıl katılmıştır?|Olimpiyat Stadyumu (Moskova)|Nije ljubav stvar|Barış Manço|2019 Eurovision Şarkı Yarışması'nda Finlandiya|
Antik Mısır, Arapların egemenliği altına girmiş midir?|Hayatta kalma yanılgısı|Fenerbahçe (erkek voleybol takımı) 1990-91 sezonu|İHeartRadio Müzik Ödülleri|Tafoni|
Mustafa Kemal'in Ankara'da Türkiye Büyük Millet Meclisi'ni açması ve milliyetçi hareketin gelişimi nasıl oldu?|Recep Tayyip Erdoğan|Mustafa Kemal Atatürk|Ebru (anlam ayrımı)|Mustafa Kemal Atatürk|
Üçüncü ve dördüncü kısımların inşaatı hangi tarihlerde tamamlandı?|1924 Los Angeles veba salgını|10 Haziran|İHeartRadio Müzik Ödülleri|Pforzheim|
Metinde hangi yöntemlerle kişisel bilgilerin gizliliğinin ihlal edildiği ve spam içeriklerinin zararları nelerdir?|Harry Potter kurgusal evreni|Zeytindalı, Akçakale|Antik Mısır|Wiesenthau|
Basketbolun Avrupa'daki ilk denemesi, 1893 yılında mı yapılmıştır?|Antalya Toroslar BK|Şebnem Kimyacıoğlu|Semih Kaya|Büşra Akgün|
Metinde, sosyoloji veya toplumbilimi disiplini hakkında genel bilgiler verilmektedir.|Arap-İsrail savaşları|Ferit İlsever|Hukuk|Monosodyum glutamat|
Aliağa ilçesinin nüfusu kaç kişidir ve kadınların nüfusa oranı nedir?|Çin mitolojisi|Kütüklü, Harran|Hukuk|Zeytindalı, Akçakale|
Metinde spam olarak tanımlanan nedir ve spam'ın tarihçesi nasıldır?|Antik Mısır|Çin mitolojisi|Antik Mısır|Çin mitolojisi|
Metinde, Türkiye'nin Mustafa Kemal Atatürk'e olan saygısı ve onun hatırasını yaşatma çabaları ile Atatürk'ün dünya çapında popülerliği ve etkisi hakkında bilgiler verilmiştir.|Mustafa Kemal Atatürk|Anıtkabir|Anıtkabir|Mustafa Kemal Atatürk|
II. Genel Kurul'un açılışında hangi şiir yayınlanmıştır?|İHeartRadio Müzik Ödülleri|1978 Madrid saldırısı|Arap-İsrail savaşları|Pforzheim|
Yıldız Savaşları filmlerinde kullanılan görüntü oranı nedir?|İHeartRadio Müzik Ödülleri|G/Ç metotları|Kobe Bryant|Recep Tayyip Erdoğan|
Gürgenç kuşatması kaç ay sürdü?|10 Haziran|Anadolu Selçuklu Devleti|Birinci Kirte Muharebesi|2003 Kuşadası Altın Güvercin Müzik Yarışması|
23 Nisan Kulesi'nin iç duvarındaki kabartmada, kağıdın üzerinde hangi tarih yazmaktadır?|Monosodyum glutamat|Kabarlar|Cengiz Han|Küçükada, Muğla|
Zazaca dili ve Zaza halkıyla ilgili temel bilgiler nelerdir?|Zazaca|Cengiz Han|Zanlı|Zazaca|
Büyük Hun İmparatorluğu'nun kuruluşu ne zaman gerçekleşti?|Cengiz Han|Sırbistan, Arnavutluk ve Karadağ'ın Kurtuluşu (1918)|MÖ 220|Çaka Bey|
Türkiye çerçevesinden bakıldığında, en duru konuşma dili İstanbul Türkçesi olarak mi kabul edilir?|Türkiye Cumhuriyeti Avrupa Birliği Başkanlığı|Konya Havalimanı|Kuzey Suriye'de Türkiye|Salih Hacıoğlu|
İnönü'nün sembolik lahdinin bulunduğu bölgedeki mezar odasında İnönü'nün hangi tarihte yazdığı bir söz yer almaktadır?|Obernbreit|Danla Bilic|Wiesenthau|Kurmangazi Sağırbayoğlu|
Konak Meydanı'nda 10 Kasım 2006'da açılan sergide, Anıtkabir kompleksi hangi tarihe kadar ziyaret edilebilmiştir?|Frodo Baggins|Lysá nad Labem|Zanlı|Antik Mısır|
Şuana kadar toplamda kaç programlama dili geliştirilmiştir?|Çin Komünist Partisi Ulusal Kongresi|Ehl-i Hak|1924 Los Angeles veba salgını|Saldırmazlık ilkesi|
Proje yarışmasına kaç farklı ülkeden toplam kaç proje gönderildi?|Bilgelik|İCloud|Anıtkabir|Esperanto|
Tarımda kullanılan enerjinin büyük bir bölümü fosil yakıtlardan mı sağlanmaktadır?|Tequila, Jalisco|Çin mitolojisi|Ardanuç|Küçük Asya'nın Abbasi işgali (806)|
Bu metinde hangi Mısır tanrılarından bahsedilmektedir?|Triumvirlik|Wiesenthau|Alibeyli, Sumbas|Obernbreit|
Türkiye'nin illerinin idari tarihi ve demografik özellikleri nelerdir?|1871|Nafiye Güneç Kıyak|XIX. Asır Türk Edebiyatı Tarihi|Bilecik'te 2019 Türkiye yerel seçimleri|
Yoda, öldüğünde Luke Skywalker'un yanındaydı mı?|Medcezir (dizi)|Insatiable (TV dizisi)|Türkiye|Kayseri'de 1977 Türkiye yerel seçimleri|
Aliağa ilçesindeki tarım topraklarının yüzdesi nedir?|Kimmerler|Küçük Asya'nın Abbasi işgali (806)|Anıtkabir|Tarım|
İsmet İnönü hangi göreve atanarak askerlikten emekli oldu?|Valerianus|Genetik|Trick'r Treat|Merkez, Eyüpsultan|
Metinde, Mustafa Kemal Atatürk'ün dinî inancı ve bu konudaki farklı görüşler ile Atatürk'ün hatırasının yaşatılması ve Türkiye'deki Atatürk kültürü hakkında bilgiler verilmiştir.|Anıtkabir|Mustafa Kemal Atatürk|Mustafa Kemal Atatürk|Mustafa Kemal Atatürk|
Esperanto, II. Dünya Savaşı sırasında Hitler tarafından kullanımı teşvik edilmiş midir?|Esperanto|Anıtkabir|Vidkun Quisling|Barış Manço|
Özgür yazılımın yayılmasına öncülük eden isimler kimlerdir?|Moshe Safdie|Anıtkabir|Oksijen izotopu|Hayatta kalma yanılgısı|
Osmanlı döneminde Türk dilinde Fizik yerine Hikmet-i Tabiyye kelimesi kullanılıyor muydu?|Ebru (anlam ayrımı)|Salih Hacıoğlu|Türkiye Cumhuriyeti Avrupa Birliği Başkanlığı|Girne Kalesi|
Uluslararası Olimpiyat Komitesi'nin Pekin'e 2008 Yaz Olimpiyatlarına ev sahipliği yapma hakkını verdiği tarih kaçtır?|Kuşça, Cihanbeyli|Monosodyum glutamat|Eşit Bakım Emeği Günü|Hayatta kalma yanılgısı|
Pisagor, hangi geometrik üçgenleri bulmuştur?|Talin|Capriati a Volturno|Tombolo, İtalya|Pizzoferrato|
Metinde e-posta adreslerinin satışı ve içerikleriyle ilgili hangi bilgiler verilmektedir?|Harry Potter kurgusal evreni|Bazilika|Bolşevizm|Sümer ve Akad kralı|
